Transaction ID,Date,Customer ID,Gender,Age,Product Category,Quantity,Price per Unit,Total Amount
1,24-11-23,CUST001,Male,34,Beauty,3,50,150
2,27-02-23,CUST002,Female,26,Clothing,2,500,1000
3,13-01-23,CUST003,Male,50,Electronics,1,30,30
4,21-05-23,CUST004,Male,37,Clothing,1,500,500
5,06-05-23,CUST005,Male,30,Beauty,2,50,100
6,25-04-23,CUST006,Female,45,Beauty,1,30,30
7,13-03-23,CUST007,Male,46,Clothing,2,25,50
8,22-02-23,CUST008,Male,30,Electronics,4,25,100
9,13-12-23,CUST009,Male,63,Electronics,2,300,600
10,07-10-23,CUST010,Female,52,Clothing,4,50,200
11,14-02-23,CUST011,Male,23,Clothing,2,50,100
12,30-10-23,CUST012,Male,35,Beauty,3,25,75
13,05-08-23,CUST013,Male,22,Electronics,3,500,1500
14,17-01-23,CUST014,Male,64,Clothing,4,30,120
15,16-01-23,CUST015,Female,42,Electronics,4,500,2000
16,17-02-23,CUST016,Male,19,Clothing,3,500,1500
17,22-04-23,CUST017,Female,27,Clothing,4,25,100
18,30-04-23,CUST018,Female,47,Electronics,2,25,50
19,16-09-23,CUST019,Female,62,Clothing,2,25,50
20,05-11-23,CUST020,Male,22,Clothing,3,300,900
21,14-01-23,CUST021,Female,50,Beauty,1,500,500
22,15-10-23,CUST022,Male,18,Clothing,2,50,100
23,12-04-23,CUST023,Female,35,Clothing,4,30,120
24,29-11-23,CUST024,Female,49,Clothing,1,300,300
25,26-12-23,CUST025,Female,64,Beauty,1,50,50
26,07-10-23,CUST026,Female,28,Electronics,2,500,1000
27,03-08-23,CUST027,Female,38,Beauty,2,25,50
28,23-04-23,CUST028,Female,43,Beauty,1,500,500
29,18-08-23,CUST029,Female,42,Electronics,1,30,30
30,29-10-23,CUST030,Female,39,Beauty,3,300,900
31,23-05-23,CUST031,Male,44,Electronics,4,300,1200
32,04-01-23,CUST032,Male,30,Beauty,3,30,90
33,23-03-23,CUST033,Female,50,Electronics,2,50,100
34,24-12-23,CUST034,Female,51,Clothing,3,50,150
35,05-08-23,CUST035,Female,58,Beauty,3,300,900
36,24-06-23,CUST036,Male,52,Beauty,3,300,900
37,23-05-23,CUST037,Female,18,Beauty,3,25,75
38,21-03-23,CUST038,Male,38,Beauty,4,50,200
39,21-04-23,CUST039,Male,23,Clothing,4,30,120
40,22-06-23,CUST040,Male,45,Beauty,1,50,50
41,22-02-23,CUST041,Male,34,Clothing,2,25,50
42,17-02-23,CUST042,Male,22,Clothing,3,300,900
43,14-07-23,CUST043,Female,48,Clothing,1,300,300
44,19-02-23,CUST044,Female,22,Clothing,1,25,25
45,03-07-23,CUST045,Female,55,Electronics,1,30,30
46,26-06-23,CUST046,Female,20,Electronics,4,300,1200
47,06-11-23,CUST047,Female,40,Beauty,3,500,1500
48,16-05-23,CUST048,Male,54,Electronics,3,300,900
49,23-01-23,CUST049,Female,54,Electronics,2,500,1000
50,24-08-23,CUST050,Female,27,Beauty,3,25,75
51,02-10-23,CUST051,Male,27,Beauty,3,25,75
52,05-03-23,CUST052,Female,36,Beauty,1,300,300
53,13-07-23,CUST053,Male,34,Electronics,2,50,100
54,10-02-23,CUST054,Female,38,Electronics,3,500,1500
55,10-10-23,CUST055,Male,31,Beauty,4,30,120
56,31-05-23,CUST056,Female,26,Clothing,3,300,900
57,18-11-23,CUST057,Female,63,Beauty,1,30,30
58,13-11-23,CUST058,Male,18,Clothing,4,300,1200
59,05-07-23,CUST059,Male,62,Clothing,1,50,50
60,23-10-23,CUST060,Male,30,Beauty,3,50,150
61,09-04-23,CUST061,Male,21,Beauty,4,50,200
62,27-12-23,CUST062,Male,18,Beauty,2,50,100
63,05-02-23,CUST063,Male,57,Electronics,2,25,50
64,24-01-23,CUST064,Male,49,Clothing,4,25,100
65,05-12-23,CUST065,Male,51,Electronics,4,500,2000
66,27-04-23,CUST066,Female,45,Electronics,1,30,30
67,29-05-23,CUST067,Female,48,Beauty,4,300,1200
68,10-02-23,CUST068,Male,25,Electronics,1,300,300
69,30-04-23,CUST069,Female,56,Beauty,3,25,75
70,21-02-23,CUST070,Female,43,Clothing,1,300,300
71,14-07-23,CUST071,Female,51,Beauty,4,25,100
72,23-05-23,CUST072,Female,20,Electronics,4,500,2000
73,21-08-23,CUST073,Male,29,Electronics,3,30,90
74,22-11-23,CUST074,Female,18,Beauty,4,500,2000
75,06-07-23,CUST075,Male,61,Beauty,4,50,200
76,25-03-23,CUST076,Female,22,Electronics,2,50,100
77,09-07-23,CUST077,Female,47,Clothing,2,50,100
78,01-07-23,CUST078,Female,47,Clothing,3,500,1500
79,18-04-23,CUST079,Male,34,Beauty,1,300,300
80,10-12-23,CUST080,Female,64,Clothing,2,30,60
81,17-05-23,CUST081,Male,40,Electronics,1,50,50
82,26-12-23,CUST082,Female,32,Beauty,4,50,200
83,16-12-23,CUST083,Male,54,Electronics,2,50,100
84,28-11-23,CUST084,Female,38,Electronics,3,30,90
85,06-02-23,CUST085,Male,31,Clothing,3,50,150
86,08-11-23,CUST086,Male,19,Beauty,3,30,90
87,22-11-23,CUST087,Female,28,Beauty,2,50,100
88,29-03-23,CUST088,Male,56,Clothing,1,500,500
89,01-10-23,CUST089,Female,55,Electronics,4,500,2000
90,06-05-23,CUST090,Female,51,Electronics,1,30,30
91,25-03-23,CUST091,Female,55,Electronics,1,500,500
92,25-08-23,CUST092,Female,51,Electronics,4,30,120
93,14-07-23,CUST093,Female,35,Beauty,4,500,2000
94,19-05-23,CUST094,Female,47,Beauty,2,500,1000
95,24-11-23,CUST095,Female,32,Clothing,2,30,60
96,19-12-23,CUST096,Female,44,Clothing,2,300,600
97,13-10-23,CUST097,Female,51,Beauty,2,500,1000
98,23-04-23,CUST098,Female,55,Beauty,2,50,100
99,17-12-23,CUST099,Female,50,Electronics,4,300,1200
100,16-06-23,CUST100,Male,41,Electronics,1,30,30
101,29-01-23,CUST101,Male,32,Clothing,2,300,600
102,28-04-23,CUST102,Female,47,Beauty,2,25,50
103,17-01-23,CUST103,Female,59,Clothing,1,25,25
104,11-06-23,CUST104,Female,34,Beauty,2,500,1000
105,25-07-23,CUST105,Female,22,Electronics,1,500,500
106,18-05-23,CUST106,Female,46,Clothing,1,50,50
107,03-02-23,CUST107,Female,21,Clothing,4,300,1200
108,19-04-23,CUST108,Female,27,Beauty,3,25,75
109,18-10-23,CUST109,Female,34,Electronics,4,500,2000
110,11-06-23,CUST110,Male,27,Clothing,3,300,900
111,19-04-23,CUST111,Female,34,Electronics,3,500,1500
112,02-12-23,CUST112,Male,37,Clothing,3,500,1500
113,13-09-23,CUST113,Female,41,Electronics,2,25,50
114,22-07-23,CUST114,Female,22,Beauty,4,25,100
115,26-11-23,CUST115,Male,51,Clothing,3,500,1500
116,23-08-23,CUST116,Female,23,Clothing,1,30,30
117,15-03-23,CUST117,Male,19,Electronics,2,500,1000
118,16-05-23,CUST118,Female,30,Electronics,4,500,2000
119,13-03-23,CUST119,Female,60,Clothing,3,50,150
120,07-05-23,CUST120,Male,60,Beauty,1,50,50
121,15-10-23,CUST121,Female,28,Electronics,4,50,200
122,03-10-23,CUST122,Male,64,Electronics,4,30,120
123,15-05-23,CUST123,Female,40,Electronics,2,30,60
124,27-10-23,CUST124,Male,33,Clothing,4,500,2000
125,08-08-23,CUST125,Male,48,Clothing,2,50,100
126,26-10-23,CUST126,Female,28,Clothing,3,30,90
127,24-07-23,CUST127,Female,33,Clothing,2,25,50
128,05-07-23,CUST128,Male,25,Beauty,1,500,500
129,23-04-23,CUST129,Female,21,Beauty,2,300,600
130,12-03-23,CUST130,Female,57,Clothing,1,500,500
131,18-09-23,CUST131,Female,21,Beauty,2,300,600
132,10-09-23,CUST132,Male,42,Electronics,4,50,200
133,16-02-23,CUST133,Male,20,Electronics,3,300,900
134,25-01-23,CUST134,Male,49,Electronics,1,50,50
135,26-02-23,CUST135,Male,20,Clothing,2,25,50
136,20-03-23,CUST136,Male,44,Electronics,2,300,600
137,18-11-23,CUST137,Male,46,Beauty,2,500,1000
138,23-03-23,CUST138,Male,49,Clothing,4,50,200
139,15-12-23,CUST139,Male,36,Beauty,4,500,2000
140,05-08-23,CUST140,Male,38,Electronics,1,30,30
141,02-11-23,CUST141,Female,22,Electronics,1,50,50
142,02-02-23,CUST142,Male,35,Electronics,4,300,1200
143,17-07-23,CUST143,Female,45,Clothing,1,50,50
144,15-07-23,CUST144,Female,59,Beauty,3,500,1500
145,02-11-23,CUST145,Female,39,Clothing,3,25,75
146,28-08-23,CUST146,Male,38,Clothing,4,50,200
147,28-09-23,CUST147,Male,23,Electronics,1,300,300
148,09-05-23,CUST148,Male,18,Clothing,2,30,60
149,11-10-23,CUST149,Male,22,Clothing,3,25,75
150,06-01-23,CUST150,Female,58,Electronics,4,30,120
151,15-12-23,CUST151,Male,29,Clothing,1,50,50
152,28-02-23,CUST152,Male,43,Electronics,4,500,2000
153,16-12-23,CUST153,Male,63,Electronics,2,500,1000
154,02-10-23,CUST154,Male,51,Electronics,3,300,900
155,17-05-23,CUST155,Male,31,Electronics,4,500,2000
156,25-11-23,CUST156,Female,43,Clothing,4,25,100
157,24-06-23,CUST157,Male,62,Electronics,4,500,2000
158,27-02-23,CUST158,Female,44,Electronics,2,300,600
159,31-05-23,CUST159,Male,26,Clothing,4,50,200
160,11-08-23,CUST160,Female,43,Clothing,2,50,100
161,22-03-23,CUST161,Male,64,Beauty,2,500,1000
162,21-08-23,CUST162,Male,39,Clothing,2,30,60
163,02-01-23,CUST163,Female,64,Clothing,3,50,150
164,15-05-23,CUST164,Female,47,Beauty,3,500,1500
165,14-09-23,CUST165,Female,60,Clothing,4,300,1200
166,02-04-23,CUST166,Male,34,Clothing,4,500,2000
167,17-09-23,CUST167,Female,43,Clothing,3,50,150
168,24-02-23,CUST168,Male,53,Clothing,1,300,300
169,17-11-23,CUST169,Male,18,Beauty,3,500,1500
170,02-06-23,CUST170,Female,25,Clothing,2,25,50
171,24-11-23,CUST171,Female,52,Clothing,3,300,900
172,17-09-23,CUST172,Male,32,Beauty,2,25,50
173,08-11-23,CUST173,Male,64,Electronics,4,30,120
174,12-04-23,CUST174,Female,39,Beauty,1,300,300
175,20-03-23,CUST175,Female,31,Electronics,4,25,100
176,11-07-23,CUST176,Female,43,Beauty,2,50,100
177,24-03-23,CUST177,Male,45,Beauty,2,50,100
178,04-10-23,CUST178,Male,40,Clothing,2,30,60
179,29-09-23,CUST179,Male,31,Electronics,1,300,300
180,01-01-23,CUST180,Male,41,Clothing,3,300,900
181,03-11-23,CUST181,Male,19,Electronics,4,300,1200
182,15-06-23,CUST182,Male,62,Beauty,4,30,120
183,08-09-23,CUST183,Female,43,Beauty,3,300,900
184,10-01-23,CUST184,Male,31,Electronics,4,50,200
185,27-02-23,CUST185,Male,24,Clothing,1,25,25
186,05-07-23,CUST186,Male,20,Clothing,4,50,200
187,07-06-23,CUST187,Female,64,Clothing,2,50,100
188,03-05-23,CUST188,Male,40,Clothing,3,25,75
189,30-01-23,CUST189,Male,63,Beauty,1,50,50
190,04-05-23,CUST190,Female,60,Beauty,3,30,90
191,18-10-23,CUST191,Male,64,Beauty,1,25,25
192,10-02-23,CUST192,Male,62,Beauty,2,50,100
193,13-02-23,CUST193,Male,35,Beauty,3,500,1500
194,06-09-23,CUST194,Male,55,Clothing,4,50,200
195,05-02-23,CUST195,Male,52,Clothing,1,30,30
196,30-09-23,CUST196,Female,32,Clothing,3,300,900
197,06-03-23,CUST197,Female,42,Clothing,4,50,200
198,07-03-23,CUST198,Female,54,Beauty,3,300,900
199,04-12-23,CUST199,Male,45,Beauty,3,500,1500
200,01-09-23,CUST200,Male,27,Beauty,3,50,150
201,09-10-23,CUST201,Male,56,Electronics,1,25,25
202,26-03-23,CUST202,Female,34,Clothing,4,300,1200
203,16-05-23,CUST203,Male,56,Clothing,2,500,1000
204,28-09-23,CUST204,Male,39,Beauty,1,25,25
205,07-11-23,CUST205,Female,43,Clothing,1,25,25
206,05-08-23,CUST206,Male,61,Clothing,1,25,25
207,19-04-23,CUST207,Female,42,Beauty,2,25,50
208,04-10-23,CUST208,Female,34,Electronics,4,50,200
209,20-12-23,CUST209,Female,30,Electronics,4,50,200
210,13-04-23,CUST210,Male,37,Electronics,4,50,200
211,01-01-24,CUST211,Male,42,Beauty,3,500,1500
212,09-06-23,CUST212,Male,21,Clothing,3,500,1500
213,24-07-23,CUST213,Male,27,Beauty,3,500,1500
214,10-12-23,CUST214,Male,20,Beauty,2,30,60
215,29-11-23,CUST215,Male,58,Clothing,3,500,1500
216,11-07-23,CUST216,Male,62,Electronics,2,50,100
217,13-08-23,CUST217,Female,35,Electronics,4,50,200
218,22-09-23,CUST218,Male,64,Beauty,3,30,90
219,20-08-23,CUST219,Female,53,Electronics,3,30,90
220,03-03-23,CUST220,Male,64,Beauty,1,500,500
221,07-05-23,CUST221,Male,39,Beauty,2,300,600
222,26-04-23,CUST222,Male,51,Clothing,4,30,120
223,02-02-23,CUST223,Female,64,Clothing,1,25,25
224,23-06-23,CUST224,Female,25,Clothing,1,50,50
225,11-01-23,CUST225,Female,57,Beauty,4,25,100
226,29-10-23,CUST226,Female,61,Clothing,1,50,50
227,11-10-23,CUST227,Male,36,Electronics,2,50,100
228,28-04-23,CUST228,Female,59,Electronics,2,30,60
229,29-10-23,CUST229,Male,58,Beauty,3,30,90
230,23-04-23,CUST230,Male,54,Beauty,1,25,25
231,04-01-23,CUST231,Female,23,Clothing,3,50,150
232,06-02-23,CUST232,Female,43,Beauty,1,25,25
233,29-12-23,CUST233,Female,51,Beauty,2,300,600
234,20-11-23,CUST234,Female,62,Electronics,2,25,50
235,31-01-23,CUST235,Female,23,Electronics,2,500,1000
236,28-04-23,CUST236,Female,54,Clothing,1,25,25
237,04-02-23,CUST237,Female,50,Beauty,2,500,1000
238,17-01-23,CUST238,Female,39,Beauty,1,500,500
239,19-06-23,CUST239,Male,38,Electronics,3,500,1500
240,06-02-23,CUST240,Female,23,Beauty,1,300,300
241,21-09-23,CUST241,Female,23,Electronics,3,25,75
242,02-05-23,CUST242,Male,21,Clothing,1,25,25
243,23-05-23,CUST243,Female,47,Electronics,3,300,900
244,09-12-23,CUST244,Male,28,Beauty,2,50,100
245,06-09-23,CUST245,Male,47,Clothing,3,30,90
246,20-04-23,CUST246,Female,48,Electronics,2,25,50
247,04-10-23,CUST247,Male,41,Electronics,2,30,60
248,09-03-23,CUST248,Male,26,Clothing,3,300,900
249,20-10-23,CUST249,Male,20,Clothing,1,50,50
250,23-10-23,CUST250,Male,48,Electronics,1,50,50
251,31-08-23,CUST251,Female,57,Beauty,4,50,200
252,05-05-23,CUST252,Male,54,Electronics,1,300,300
253,31-08-23,CUST253,Female,53,Clothing,4,500,2000
254,28-07-23,CUST254,Male,41,Electronics,1,500,500
255,08-04-23,CUST255,Male,48,Clothing,1,30,30
256,18-02-23,CUST256,Male,23,Clothing,2,500,1000
257,19-02-23,CUST257,Male,19,Beauty,4,500,2000
258,04-12-23,CUST258,Female,37,Clothing,1,50,50
259,09-08-23,CUST259,Female,45,Clothing,4,50,200
260,01-07-23,CUST260,Male,28,Beauty,2,30,60
261,05-08-23,CUST261,Male,21,Clothing,2,25,50
262,30-07-23,CUST262,Female,32,Beauty,4,30,120
263,28-08-23,CUST263,Male,23,Beauty,2,30,60
264,28-01-23,CUST264,Male,47,Clothing,3,300,900
265,11-12-23,CUST265,Male,55,Clothing,3,300,900
266,01-12-23,CUST266,Female,19,Electronics,2,30,60
267,27-11-23,CUST267,Female,32,Beauty,3,30,90
268,20-02-23,CUST268,Female,28,Electronics,1,30,30
269,01-02-23,CUST269,Male,25,Clothing,4,500,2000
270,26-07-23,CUST270,Male,43,Electronics,1,300,300
271,23-06-23,CUST271,Female,62,Beauty,4,30,120
272,25-02-23,CUST272,Female,61,Electronics,2,50,100
273,08-05-23,CUST273,Female,22,Beauty,1,50,50
274,09-04-23,CUST274,Female,23,Clothing,2,500,1000
275,08-04-23,CUST275,Male,43,Clothing,2,500,1000
276,02-10-23,CUST276,Female,21,Beauty,4,25,100
277,18-08-23,CUST277,Male,36,Clothing,4,25,100
278,13-03-23,CUST278,Female,37,Clothing,4,25,100
279,05-08-23,CUST279,Male,50,Clothing,1,500,500
280,04-04-23,CUST280,Female,37,Clothing,3,500,1500
281,23-05-23,CUST281,Female,29,Beauty,4,500,2000
282,25-08-23,CUST282,Female,64,Electronics,4,50,200
283,08-05-23,CUST283,Female,18,Electronics,1,500,500
284,08-02-23,CUST284,Male,43,Clothing,4,50,200
285,15-08-23,CUST285,Female,31,Electronics,1,25,25
286,09-10-23,CUST286,Male,55,Electronics,2,25,50
287,20-02-23,CUST287,Male,54,Clothing,4,25,100
288,26-01-23,CUST288,Male,28,Clothing,4,30,120
289,30-11-23,CUST289,Male,53,Electronics,2,30,60
290,04-10-23,CUST290,Female,30,Beauty,2,300,600
291,08-01-23,CUST291,Male,60,Clothing,2,300,600
292,17-02-23,CUST292,Male,20,Beauty,4,300,1200
293,02-05-23,CUST293,Male,50,Electronics,3,30,90
294,27-03-23,CUST294,Female,23,Clothing,3,30,90
295,28-07-23,CUST295,Female,27,Beauty,3,300,900
296,06-09-23,CUST296,Female,22,Clothing,4,300,1200
297,04-09-23,CUST297,Female,40,Electronics,2,500,1000
298,20-04-23,CUST298,Male,27,Beauty,4,300,1200
299,25-07-23,CUST299,Male,61,Electronics,2,500,1000
300,31-01-23,CUST300,Female,19,Electronics,4,50,200
301,26-03-23,CUST301,Male,30,Clothing,4,30,120
302,14-07-23,CUST302,Male,57,Beauty,2,300,600
303,02-01-23,CUST303,Male,19,Electronics,3,30,90
304,19-07-23,CUST304,Female,37,Electronics,2,30,60
305,16-05-23,CUST305,Female,18,Beauty,1,30,30
306,21-08-23,CUST306,Male,54,Electronics,1,50,50
307,27-05-23,CUST307,Female,26,Electronics,2,25,50
308,05-08-23,CUST308,Female,34,Beauty,4,300,1200
309,23-12-23,CUST309,Female,26,Beauty,1,25,25
310,12-10-23,CUST310,Female,28,Beauty,1,25,25
311,05-12-23,CUST311,Female,32,Beauty,4,25,100
312,07-09-23,CUST312,Male,41,Clothing,4,30,120
313,21-03-23,CUST313,Female,55,Beauty,3,500,1500
314,08-04-23,CUST314,Male,52,Clothing,4,30,120
315,01-06-23,CUST315,Male,47,Clothing,2,30,60
316,22-04-23,CUST316,Female,48,Clothing,2,25,50
317,30-01-23,CUST317,Male,22,Electronics,3,30,90
318,24-10-23,CUST318,Male,61,Clothing,1,25,25
319,05-10-23,CUST319,Male,31,Clothing,1,500,500
320,01-02-23,CUST320,Female,28,Electronics,4,300,1200
321,10-06-23,CUST321,Female,26,Electronics,2,25,50
322,30-01-23,CUST322,Male,51,Electronics,1,500,500
323,26-01-23,CUST323,Female,29,Beauty,3,300,900
324,27-10-23,CUST324,Female,52,Electronics,3,50,150
325,02-09-23,CUST325,Female,52,Electronics,2,25,50
326,15-09-23,CUST326,Female,18,Clothing,3,25,75
327,29-09-23,CUST327,Male,57,Electronics,3,50,150
328,22-03-23,CUST328,Male,39,Beauty,2,50,100
329,30-01-23,CUST329,Female,46,Electronics,4,25,100
330,18-09-23,CUST330,Female,25,Beauty,4,50,200
331,11-02-23,CUST331,Male,28,Electronics,3,30,90
332,06-04-23,CUST332,Male,58,Electronics,4,300,1200
333,05-02-23,CUST333,Female,54,Electronics,4,300,1200
334,01-11-23,CUST334,Male,31,Electronics,3,300,900
335,04-02-23,CUST335,Female,47,Beauty,4,30,120
336,12-12-23,CUST336,Female,52,Beauty,3,50,150
337,01-05-23,CUST337,Male,38,Clothing,1,500,500
338,26-07-23,CUST338,Male,54,Beauty,2,50,100
339,03-03-23,CUST339,Female,22,Electronics,2,25,50
340,19-10-23,CUST340,Female,36,Clothing,4,300,1200
341,07-05-23,CUST341,Male,31,Clothing,4,50,200
342,24-10-23,CUST342,Female,43,Clothing,4,500,2000
343,01-11-23,CUST343,Male,21,Electronics,2,25,50
344,21-01-23,CUST344,Female,42,Beauty,1,30,30
345,14-11-23,CUST345,Male,62,Electronics,1,30,30
346,11-02-23,CUST346,Male,59,Clothing,2,500,1000
347,03-08-23,CUST347,Male,42,Electronics,1,25,25
348,03-12-23,CUST348,Female,35,Electronics,2,300,600
349,26-10-23,CUST349,Female,57,Beauty,1,50,50
350,17-10-23,CUST350,Male,25,Beauty,3,25,75
351,25-09-23,CUST351,Female,56,Clothing,3,30,90
352,11-06-23,CUST352,Male,57,Electronics,2,500,1000
353,14-05-23,CUST353,Male,31,Electronics,1,500,500
354,15-04-23,CUST354,Female,49,Beauty,4,50,200
355,09-12-23,CUST355,Female,55,Electronics,1,500,500
356,10-06-23,CUST356,Male,50,Electronics,3,500,1500
357,03-05-23,CUST357,Female,40,Electronics,3,25,75
358,16-05-23,CUST358,Female,32,Beauty,1,300,300
359,22-07-23,CUST359,Male,50,Clothing,1,50,50
360,09-03-23,CUST360,Male,42,Clothing,4,25,100
361,10-12-23,CUST361,Female,34,Electronics,4,300,1200
362,27-11-23,CUST362,Male,50,Clothing,1,25,25
363,03-06-23,CUST363,Male,64,Beauty,1,25,25
364,23-08-23,CUST364,Female,19,Beauty,1,500,500
365,11-06-23,CUST365,Male,31,Clothing,1,300,300
366,07-02-23,CUST366,Male,57,Clothing,2,50,100
367,05-01-23,CUST367,Female,57,Electronics,1,50,50
368,23-08-23,CUST368,Female,56,Clothing,4,300,1200
369,15-11-23,CUST369,Male,23,Electronics,3,500,1500
370,16-10-23,CUST370,Male,23,Electronics,2,30,60
371,21-02-23,CUST371,Female,20,Beauty,1,25,25
372,07-02-23,CUST372,Female,24,Beauty,3,500,1500
373,03-10-23,CUST373,Female,25,Beauty,2,300,600
374,20-04-23,CUST374,Female,59,Beauty,3,25,75
375,17-09-23,CUST375,Male,32,Clothing,1,50,50
376,16-05-23,CUST376,Female,64,Beauty,1,30,30
377,09-03-23,CUST377,Female,46,Clothing,4,50,200
378,28-06-23,CUST378,Male,50,Beauty,1,300,300
379,05-02-23,CUST379,Female,47,Clothing,1,25,25
380,06-05-23,CUST380,Male,56,Electronics,2,300,600
381,09-07-23,CUST381,Female,44,Clothing,4,25,100
382,26-05-23,CUST382,Female,53,Clothing,2,500,1000
383,22-03-23,CUST383,Female,46,Beauty,3,30,90
384,13-08-23,CUST384,Male,55,Clothing,1,500,500
385,06-10-23,CUST385,Male,50,Electronics,3,500,1500
386,27-12-23,CUST386,Female,54,Electronics,2,300,600
387,04-06-23,CUST387,Male,44,Beauty,1,30,30
388,10-11-23,CUST388,Male,50,Electronics,1,25,25
389,01-12-23,CUST389,Male,21,Clothing,2,25,50
390,28-09-23,CUST390,Male,39,Electronics,2,50,100
391,05-01-23,CUST391,Male,19,Beauty,2,25,50
392,08-12-23,CUST392,Male,27,Clothing,2,300,600
393,11-10-23,CUST393,Female,22,Beauty,2,500,1000
394,03-06-23,CUST394,Female,27,Clothing,1,500,500
395,06-12-23,CUST395,Male,50,Electronics,2,500,1000
396,23-02-23,CUST396,Female,55,Beauty,1,30,30
397,10-03-23,CUST397,Female,30,Beauty,1,25,25
398,16-05-23,CUST398,Female,48,Clothing,2,300,600
399,01-03-23,CUST399,Female,64,Beauty,2,30,60
400,24-02-23,CUST400,Male,53,Clothing,4,50,200
401,11-10-23,CUST401,Female,62,Clothing,1,300,300
402,21-03-23,CUST402,Female,41,Clothing,2,300,600
403,20-05-23,CUST403,Male,32,Clothing,2,300,600
404,25-05-23,CUST404,Male,46,Electronics,2,500,1000
405,06-11-23,CUST405,Female,25,Clothing,4,300,1200
406,18-04-23,CUST406,Female,22,Beauty,4,25,100
407,25-06-23,CUST407,Female,46,Electronics,3,300,900
408,15-04-23,CUST408,Female,64,Beauty,1,500,500
409,18-12-23,CUST409,Female,21,Electronics,3,300,900
410,21-11-23,CUST410,Female,29,Clothing,2,50,100
411,16-05-23,CUST411,Male,62,Electronics,4,50,200
412,16-09-23,CUST412,Female,19,Electronics,4,500,2000
413,08-09-23,CUST413,Female,44,Beauty,3,25,75
414,09-05-23,CUST414,Male,48,Beauty,4,25,100
415,27-01-23,CUST415,Male,53,Clothing,2,30,60
416,17-02-23,CUST416,Male,53,Electronics,4,500,2000
417,21-11-23,CUST417,Male,43,Electronics,3,300,900
418,05-08-23,CUST418,Female,60,Electronics,2,500,1000
419,22-05-23,CUST419,Female,44,Clothing,3,30,90
420,23-01-23,CUST420,Female,22,Clothing,4,500,2000
421,02-01-23,CUST421,Female,37,Clothing,3,500,1500
422,20-06-23,CUST422,Female,28,Clothing,3,30,90
423,08-03-23,CUST423,Female,27,Clothing,1,25,25
424,23-11-23,CUST424,Male,57,Beauty,4,300,1200
425,15-05-23,CUST425,Female,55,Electronics,4,30,120
426,24-03-23,CUST426,Male,23,Electronics,3,50,150
427,15-08-23,CUST427,Male,25,Electronics,1,25,25
428,10-10-23,CUST428,Female,40,Electronics,4,50,200
429,28-12-23,CUST429,Male,64,Electronics,2,25,50
430,07-08-23,CUST430,Female,43,Electronics,3,300,900
431,15-10-23,CUST431,Male,63,Electronics,4,300,1200
432,05-01-23,CUST432,Female,60,Electronics,2,500,1000
433,27-02-23,CUST433,Male,29,Beauty,4,50,200
434,08-02-23,CUST434,Female,43,Electronics,2,25,50
435,20-12-23,CUST435,Female,30,Beauty,3,300,900
436,18-03-23,CUST436,Female,57,Clothing,4,30,120
437,07-10-23,CUST437,Female,35,Electronics,4,300,1200
438,19-01-23,CUST438,Female,42,Clothing,1,30,30
439,09-07-23,CUST439,Male,50,Clothing,3,25,75
440,26-10-23,CUST440,Male,64,Clothing,2,300,600
441,10-10-23,CUST441,Male,57,Beauty,4,300,1200
442,17-03-23,CUST442,Female,60,Clothing,4,25,100
443,09-08-23,CUST443,Male,29,Clothing,2,300,600
444,07-03-23,CUST444,Female,61,Clothing,3,30,90
445,22-01-23,CUST445,Female,53,Electronics,1,300,300
446,07-06-23,CUST446,Male,21,Electronics,1,50,50
447,06-07-23,CUST447,Male,22,Beauty,4,500,2000
448,21-01-23,CUST448,Female,54,Beauty,2,30,60
449,03-07-23,CUST449,Male,25,Electronics,4,50,200
450,18-04-23,CUST450,Female,59,Beauty,2,25,50
451,16-12-23,CUST451,Female,45,Electronics,1,30,30
452,08-05-23,CUST452,Female,48,Clothing,3,500,1500
453,08-12-23,CUST453,Female,26,Clothing,2,500,1000
454,22-02-23,CUST454,Female,46,Beauty,1,25,25
455,01-07-23,CUST455,Male,31,Electronics,4,25,100
456,14-10-23,CUST456,Male,57,Electronics,2,30,60
457,28-07-23,CUST457,Female,58,Beauty,3,300,900
458,14-11-23,CUST458,Female,39,Electronics,4,25,100
459,21-03-23,CUST459,Male,28,Clothing,4,300,1200
460,02-05-23,CUST460,Male,40,Beauty,1,50,50
461,25-03-23,CUST461,Female,18,Beauty,2,500,1000
462,01-04-23,CUST462,Male,63,Electronics,4,300,1200
463,31-07-23,CUST463,Female,54,Beauty,3,500,1500
464,13-01-23,CUST464,Male,38,Electronics,2,300,600
465,02-04-23,CUST465,Female,43,Electronics,3,50,150
466,20-06-23,CUST466,Male,63,Electronics,4,25,100
467,30-07-23,CUST467,Female,53,Electronics,3,50,150
468,09-12-23,CUST468,Male,40,Electronics,1,25,25
469,08-05-23,CUST469,Male,18,Beauty,3,25,75
470,17-05-23,CUST470,Female,57,Clothing,2,500,1000
471,23-03-23,CUST471,Male,32,Clothing,3,50,150
472,26-12-23,CUST472,Female,38,Beauty,3,300,900
473,25-02-23,CUST473,Male,64,Beauty,1,50,50
474,15-07-23,CUST474,Female,26,Clothing,3,500,1500
475,20-01-23,CUST475,Male,26,Clothing,3,25,75
476,29-08-23,CUST476,Female,27,Clothing,4,500,2000
477,24-04-23,CUST477,Male,43,Clothing,4,30,120
478,13-04-23,CUST478,Female,58,Clothing,2,30,60
479,24-08-23,CUST479,Male,52,Electronics,4,300,1200
480,29-06-23,CUST480,Female,42,Beauty,4,500,2000
481,06-06-23,CUST481,Female,43,Electronics,4,300,1200
482,27-04-23,CUST482,Female,28,Clothing,4,300,1200
483,25-04-23,CUST483,Male,55,Clothing,1,30,30
484,13-01-23,CUST484,Female,19,Clothing,4,300,1200
485,04-12-23,CUST485,Male,24,Electronics,1,30,30
486,09-04-23,CUST486,Female,35,Electronics,1,25,25
487,24-07-23,CUST487,Male,44,Clothing,4,500,2000
488,18-06-23,CUST488,Female,51,Electronics,3,300,900
489,23-05-23,CUST489,Male,44,Electronics,1,30,30
490,05-02-23,CUST490,Male,34,Clothing,3,50,150
491,23-05-23,CUST491,Female,60,Electronics,3,300,900
492,29-06-23,CUST492,Male,61,Beauty,4,25,100
493,25-11-23,CUST493,Male,41,Beauty,2,25,50
494,18-09-23,CUST494,Female,42,Beauty,4,50,200
495,24-07-23,CUST495,Male,24,Beauty,2,30,60
496,14-12-23,CUST496,Male,23,Clothing,2,300,600
497,02-10-23,CUST497,Male,41,Clothing,4,30,120
498,19-06-23,CUST498,Female,50,Clothing,4,25,100
499,15-01-23,CUST499,Male,46,Beauty,2,30,60
500,01-03-23,CUST500,Female,60,Beauty,4,25,100
501,14-05-23,CUST501,Male,39,Electronics,2,30,60
502,02-04-23,CUST502,Male,43,Electronics,3,50,150
503,25-10-23,CUST503,Male,45,Beauty,4,500,2000
504,16-05-23,CUST504,Female,38,Beauty,3,50,150
505,20-01-23,CUST505,Male,24,Beauty,1,50,50
506,25-02-23,CUST506,Male,34,Beauty,3,500,1500
507,02-11-23,CUST507,Female,37,Electronics,3,500,1500
508,11-08-23,CUST508,Male,58,Beauty,2,300,600
509,26-06-23,CUST509,Female,37,Electronics,3,300,900
510,10-06-23,CUST510,Female,39,Beauty,4,50,200
511,12-08-23,CUST511,Male,45,Beauty,2,50,100
512,07-11-23,CUST512,Female,57,Beauty,1,25,25
513,19-09-23,CUST513,Male,24,Electronics,4,25,100
514,01-03-23,CUST514,Female,18,Electronics,1,300,300
515,17-07-23,CUST515,Female,49,Clothing,3,300,900
516,23-10-23,CUST516,Male,30,Beauty,4,25,100
517,08-04-23,CUST517,Female,47,Clothing,4,25,100
518,11-05-23,CUST518,Female,40,Clothing,1,30,30
519,23-01-23,CUST519,Female,36,Electronics,4,30,120
520,29-12-23,CUST520,Female,49,Electronics,4,25,100
521,12-08-23,CUST521,Female,47,Clothing,4,30,120
522,01-01-23,CUST522,Male,46,Beauty,3,500,1500
523,24-09-23,CUST523,Female,62,Electronics,1,300,300
524,03-10-23,CUST524,Male,46,Beauty,4,300,1200
525,18-12-23,CUST525,Female,47,Beauty,2,25,50
526,10-12-23,CUST526,Male,33,Clothing,2,50,100
527,11-04-23,CUST527,Male,57,Clothing,2,25,50
528,06-07-23,CUST528,Female,36,Clothing,2,30,60
529,09-08-23,CUST529,Female,35,Clothing,3,50,150
530,05-02-23,CUST530,Female,18,Electronics,4,30,120
531,07-12-23,CUST531,Male,31,Electronics,1,500,500
532,19-06-23,CUST532,Female,64,Clothing,4,30,120
533,16-11-23,CUST533,Male,19,Electronics,3,500,1500
534,10-06-23,CUST534,Male,45,Clothing,2,500,1000
535,06-12-23,CUST535,Male,47,Beauty,3,30,90
536,05-03-23,CUST536,Female,55,Beauty,4,30,120
537,03-06-23,CUST537,Female,21,Beauty,1,500,500
538,17-09-23,CUST538,Male,18,Clothing,3,50,150
539,08-06-23,CUST539,Male,25,Beauty,1,500,500
540,08-12-23,CUST540,Female,46,Electronics,3,300,900
541,29-07-23,CUST541,Male,56,Beauty,1,500,500
542,17-06-23,CUST542,Female,20,Beauty,1,50,50
543,26-07-23,CUST543,Male,49,Beauty,2,300,600
544,23-12-23,CUST544,Female,27,Electronics,1,25,25
545,01-06-23,CUST545,Male,27,Clothing,2,25,50
546,11-10-23,CUST546,Female,36,Electronics,4,50,200
547,07-03-23,CUST547,Male,63,Clothing,4,500,2000
548,09-04-23,CUST548,Female,51,Clothing,2,30,60
549,04-08-23,CUST549,Female,50,Beauty,2,50,100
550,07-12-23,CUST550,Male,40,Clothing,3,300,900
551,14-07-23,CUST551,Male,45,Electronics,3,300,900
552,13-12-23,CUST552,Female,49,Electronics,3,25,75
553,31-03-23,CUST553,Male,24,Clothing,4,300,1200
554,12-11-23,CUST554,Female,46,Beauty,3,50,150
555,19-10-23,CUST555,Male,25,Beauty,1,300,300
556,04-06-23,CUST556,Female,18,Electronics,1,50,50
557,27-07-23,CUST557,Female,20,Beauty,3,30,90
558,08-10-23,CUST558,Female,41,Clothing,1,25,25
559,01-01-23,CUST559,Female,40,Clothing,4,300,1200
560,05-06-23,CUST560,Female,25,Electronics,1,50,50
561,27-05-23,CUST561,Female,64,Clothing,4,500,2000
562,18-04-23,CUST562,Male,54,Electronics,2,25,50
563,09-08-23,CUST563,Male,20,Clothing,2,30,60
564,24-10-23,CUST564,Male,50,Electronics,2,50,100
565,07-11-23,CUST565,Female,45,Beauty,2,30,60
566,02-12-23,CUST566,Female,64,Clothing,1,30,30
567,14-06-23,CUST567,Female,25,Clothing,3,300,900
568,27-08-23,CUST568,Female,51,Electronics,1,300,300
569,15-08-23,CUST569,Male,52,Electronics,4,50,200
570,15-08-23,CUST570,Male,49,Clothing,1,500,500
571,12-12-23,CUST571,Female,41,Electronics,1,50,50
572,20-04-23,CUST572,Male,31,Clothing,4,500,2000
573,19-09-23,CUST573,Male,49,Beauty,2,30,60
574,31-08-23,CUST574,Female,63,Electronics,2,25,50
575,28-03-23,CUST575,Male,60,Clothing,2,50,100
576,04-12-23,CUST576,Female,33,Beauty,3,50,150
577,13-02-23,CUST577,Male,21,Beauty,4,500,2000
578,26-05-23,CUST578,Female,54,Clothing,4,30,120
579,21-09-23,CUST579,Female,38,Electronics,1,30,30
580,06-12-23,CUST580,Female,31,Clothing,3,500,1500
581,21-11-23,CUST581,Female,48,Beauty,2,30,60
582,14-11-23,CUST582,Male,35,Clothing,3,300,900
583,21-06-23,CUST583,Female,24,Electronics,4,25,100
584,17-02-23,CUST584,Female,27,Beauty,4,50,200
585,01-05-23,CUST585,Female,24,Clothing,1,25,25
586,11-12-23,CUST586,Male,50,Electronics,1,50,50
587,08-06-23,CUST587,Female,40,Beauty,4,300,1200
588,26-04-23,CUST588,Male,38,Electronics,2,30,60
589,12-04-23,CUST589,Female,36,Beauty,2,500,1000
590,17-03-23,CUST590,Male,36,Clothing,3,300,900
591,13-01-23,CUST591,Male,53,Electronics,4,25,100
592,24-01-23,CUST592,Female,46,Beauty,4,500,2000
593,06-05-23,CUST593,Male,35,Electronics,2,30,60
594,01-09-23,CUST594,Female,19,Electronics,2,300,600
595,09-11-23,CUST595,Female,18,Clothing,4,500,2000
596,07-02-23,CUST596,Female,64,Electronics,1,300,300
597,22-08-23,CUST597,Male,22,Beauty,4,300,1200
598,01-08-23,CUST598,Male,37,Beauty,4,30,120
599,19-11-23,CUST599,Female,28,Beauty,2,50,100
600,22-10-23,CUST600,Female,59,Beauty,2,500,1000
601,10-04-23,CUST601,Male,19,Clothing,1,30,30
602,23-12-23,CUST602,Female,20,Electronics,1,300,300
603,16-07-23,CUST603,Female,40,Clothing,3,30,90
604,11-09-23,CUST604,Female,29,Electronics,4,50,200
605,24-07-23,CUST605,Male,37,Electronics,2,500,1000
606,05-05-23,CUST606,Male,22,Electronics,1,50,50
607,17-03-23,CUST607,Male,54,Clothing,3,25,75
608,02-12-23,CUST608,Female,55,Electronics,3,500,1500
609,19-12-23,CUST609,Female,47,Clothing,2,50,100
610,03-01-23,CUST610,Female,26,Beauty,2,300,600
611,24-02-23,CUST611,Male,51,Beauty,3,500,1500
612,06-08-23,CUST612,Female,61,Electronics,1,500,500
613,23-04-23,CUST613,Female,52,Clothing,3,30,90
614,01-04-23,CUST614,Female,39,Beauty,4,300,1200
615,23-12-23,CUST615,Female,61,Clothing,4,25,100
616,23-09-23,CUST616,Male,41,Clothing,2,50,100
617,26-08-23,CUST617,Male,34,Electronics,1,30,30
618,26-01-23,CUST618,Female,27,Beauty,1,50,50
619,13-10-23,CUST619,Male,47,Electronics,4,25,100
620,08-05-23,CUST620,Male,63,Electronics,3,25,75
621,04-03-23,CUST621,Female,40,Beauty,2,500,1000
622,22-08-23,CUST622,Female,49,Beauty,3,25,75
623,10-03-23,CUST623,Male,34,Clothing,3,50,150
624,26-08-23,CUST624,Female,34,Beauty,3,300,900
625,08-12-23,CUST625,Male,31,Clothing,1,300,300
626,29-09-23,CUST626,Female,26,Clothing,4,500,2000
627,14-10-23,CUST627,Male,57,Clothing,1,50,50
628,01-11-23,CUST628,Female,19,Beauty,4,50,200
629,12-06-23,CUST629,Male,62,Electronics,2,25,50
630,15-08-23,CUST630,Male,42,Clothing,2,50,100
631,10-11-23,CUST631,Male,56,Electronics,3,30,90
632,16-09-23,CUST632,Female,26,Electronics,4,25,100
633,07-08-23,CUST633,Male,39,Beauty,4,30,120
634,08-10-23,CUST634,Male,60,Electronics,4,500,2000
635,17-08-23,CUST635,Female,63,Electronics,3,300,900
636,23-03-23,CUST636,Female,21,Beauty,3,500,1500
637,01-09-23,CUST637,Male,43,Clothing,2,300,600
638,19-08-23,CUST638,Male,46,Electronics,1,500,500
639,13-05-23,CUST639,Female,62,Beauty,4,50,200
640,07-05-23,CUST640,Female,51,Electronics,4,30,120
641,23-11-23,CUST641,Female,40,Electronics,1,300,300
642,22-05-23,CUST642,Female,54,Clothing,4,25,100
643,24-09-23,CUST643,Female,28,Electronics,3,30,90
644,06-09-23,CUST644,Male,23,Beauty,3,25,75
645,17-11-23,CUST645,Female,35,Electronics,4,30,120
646,03-05-23,CUST646,Male,38,Clothing,3,30,90
647,21-05-23,CUST647,Male,59,Clothing,3,500,1500
648,14-08-23,CUST648,Male,53,Beauty,4,300,1200
649,09-02-23,CUST649,Female,58,Clothing,2,300,600
650,01-01-24,CUST650,Male,55,Electronics,1,30,30
651,27-05-23,CUST651,Male,51,Clothing,3,50,150
652,01-05-23,CUST652,Female,34,Beauty,2,50,100
653,20-05-23,CUST653,Male,54,Clothing,3,25,75
654,21-06-23,CUST654,Male,42,Clothing,3,25,75
655,13-06-23,CUST655,Female,55,Clothing,1,500,500
656,04-10-23,CUST656,Male,29,Beauty,3,30,90
657,11-02-23,CUST657,Male,40,Clothing,1,25,25
658,12-03-23,CUST658,Male,59,Clothing,1,25,25
659,19-03-23,CUST659,Female,39,Electronics,1,30,30
660,29-04-23,CUST660,Female,38,Beauty,2,500,1000
661,16-07-23,CUST661,Female,44,Clothing,4,25,100
662,22-12-23,CUST662,Male,48,Beauty,2,500,1000
663,20-03-23,CUST663,Male,23,Clothing,4,300,1200
664,28-12-23,CUST664,Female,44,Clothing,4,500,2000
665,20-04-23,CUST665,Male,57,Clothing,1,50,50
666,02-02-23,CUST666,Male,51,Electronics,3,50,150
667,01-08-23,CUST667,Female,29,Electronics,1,500,500
668,28-07-23,CUST668,Female,62,Electronics,3,50,150
669,19-06-23,CUST669,Male,24,Beauty,4,300,1200
670,05-10-23,CUST670,Male,27,Beauty,1,30,30
671,27-08-23,CUST671,Male,62,Electronics,3,50,150
672,01-08-23,CUST672,Female,34,Beauty,2,50,100
673,01-02-23,CUST673,Female,43,Clothing,3,500,1500
674,16-04-23,CUST674,Female,38,Clothing,1,300,300
675,04-08-23,CUST675,Female,45,Clothing,2,30,60
676,19-07-23,CUST676,Male,63,Electronics,3,500,1500
677,27-10-23,CUST677,Female,19,Beauty,3,500,1500
678,23-12-23,CUST678,Female,60,Electronics,3,300,900
679,11-01-23,CUST679,Female,18,Beauty,3,30,90
680,22-10-23,CUST680,Female,53,Clothing,3,300,900
681,14-07-23,CUST681,Female,43,Electronics,2,30,60
682,02-09-23,CUST682,Male,46,Beauty,4,300,1200
683,04-01-23,CUST683,Male,38,Beauty,2,500,1000
684,30-06-23,CUST684,Female,28,Clothing,2,500,1000
685,02-06-23,CUST685,Male,57,Electronics,2,25,50
686,19-07-23,CUST686,Female,28,Electronics,4,50,200
687,03-08-23,CUST687,Female,53,Electronics,1,300,300
688,03-10-23,CUST688,Male,56,Clothing,4,25,100
689,07-10-23,CUST689,Male,57,Electronics,2,50,100
690,05-11-23,CUST690,Female,52,Clothing,3,300,900
691,23-04-23,CUST691,Female,51,Clothing,3,30,90
692,07-09-23,CUST692,Female,64,Clothing,2,50,100
693,23-04-23,CUST693,Male,41,Beauty,3,500,1500
694,20-05-23,CUST694,Female,39,Electronics,2,25,50
695,12-08-23,CUST695,Female,22,Electronics,3,50,150
696,06-09-23,CUST696,Female,50,Clothing,4,50,200
697,15-01-23,CUST697,Male,53,Clothing,1,500,500
698,19-07-23,CUST698,Female,64,Electronics,1,300,300
699,22-06-23,CUST699,Female,37,Clothing,4,30,120
700,09-12-23,CUST700,Male,36,Electronics,4,500,2000
701,14-12-23,CUST701,Female,52,Beauty,2,30,60
702,27-07-23,CUST702,Female,60,Clothing,2,300,600
703,26-03-23,CUST703,Male,34,Electronics,2,50,100
704,28-08-23,CUST704,Female,62,Clothing,3,30,90
705,07-03-23,CUST705,Male,60,Electronics,2,25,50
706,15-11-23,CUST706,Male,51,Electronics,4,25,100
707,01-10-23,CUST707,Female,26,Clothing,1,500,500
708,14-01-23,CUST708,Female,43,Beauty,3,300,900
709,21-07-23,CUST709,Female,19,Electronics,2,500,1000
710,31-10-23,CUST710,Female,26,Electronics,3,500,1500
711,16-10-23,CUST711,Male,26,Electronics,3,500,1500
712,06-12-23,CUST712,Female,57,Beauty,2,25,50
713,14-01-23,CUST713,Male,34,Beauty,3,25,75
714,12-02-23,CUST714,Female,18,Clothing,1,500,500
715,26-11-23,CUST715,Female,42,Beauty,4,25,100
716,08-08-23,CUST716,Female,60,Clothing,4,300,1200
717,11-03-23,CUST717,Male,57,Clothing,1,500,500
718,25-08-23,CUST718,Female,59,Beauty,3,25,75
719,04-04-23,CUST719,Female,42,Clothing,2,30,60
720,26-01-23,CUST720,Female,56,Beauty,3,500,1500
721,14-05-23,CUST721,Female,52,Clothing,1,500,500
722,14-07-23,CUST722,Male,20,Beauty,3,300,900
723,17-06-23,CUST723,Female,54,Beauty,4,50,200
724,19-04-23,CUST724,Male,61,Clothing,3,50,150
725,21-08-23,CUST725,Male,61,Electronics,1,300,300
726,17-06-23,CUST726,Male,47,Clothing,4,300,1200
727,22-06-23,CUST727,Male,55,Beauty,3,300,900
728,14-07-23,CUST728,Male,51,Electronics,3,50,150
729,23-05-23,CUST729,Male,29,Clothing,4,300,1200
730,04-08-23,CUST730,Female,36,Clothing,2,25,50
731,10-05-23,CUST731,Male,54,Clothing,4,500,2000
732,11-02-23,CUST732,Male,61,Electronics,2,500,1000
733,29-08-23,CUST733,Male,34,Beauty,1,30,30
734,10-01-23,CUST734,Female,27,Clothing,1,30,30
735,04-10-23,CUST735,Female,64,Clothing,4,500,2000
736,27-01-23,CUST736,Male,29,Clothing,4,25,100
737,29-06-23,CUST737,Female,33,Clothing,1,50,50
738,25-04-23,CUST738,Male,41,Clothing,2,50,100
739,29-11-23,CUST739,Male,36,Beauty,1,25,25
740,05-02-23,CUST740,Female,25,Beauty,4,50,200
741,30-11-23,CUST741,Male,48,Clothing,1,300,300
742,21-01-23,CUST742,Female,38,Electronics,4,500,2000
743,16-01-23,CUST743,Female,34,Beauty,4,500,2000
744,07-05-23,CUST744,Male,40,Electronics,1,25,25
745,13-04-23,CUST745,Male,54,Beauty,2,50,100
746,11-01-23,CUST746,Female,33,Clothing,3,30,90
747,15-11-23,CUST747,Male,23,Beauty,1,30,30
748,20-03-23,CUST748,Male,25,Clothing,3,50,150
749,03-05-23,CUST749,Male,42,Beauty,1,30,30
750,06-03-23,CUST750,Female,35,Clothing,3,25,75
751,31-08-23,CUST751,Female,42,Clothing,2,25,50
752,09-12-23,CUST752,Male,29,Clothing,2,50,100
753,28-02-23,CUST753,Female,32,Clothing,1,30,30
754,16-10-23,CUST754,Female,43,Electronics,4,25,100
755,22-04-23,CUST755,Female,58,Clothing,3,25,75
756,27-08-23,CUST756,Female,62,Electronics,4,300,1200
757,25-12-23,CUST757,Female,43,Electronics,4,300,1200
758,12-05-23,CUST758,Male,64,Clothing,4,25,100
759,08-07-23,CUST759,Male,49,Electronics,2,50,100
760,27-03-23,CUST760,Male,27,Beauty,1,500,500
761,07-11-23,CUST761,Female,33,Clothing,1,500,500
762,07-11-23,CUST762,Female,24,Electronics,2,25,50
763,28-02-23,CUST763,Male,34,Clothing,2,25,50
764,25-03-23,CUST764,Female,40,Clothing,1,25,25
765,09-06-23,CUST765,Male,43,Clothing,4,50,200
766,25-02-23,CUST766,Male,38,Electronics,3,300,900
767,24-10-23,CUST767,Male,39,Beauty,3,25,75
768,14-01-23,CUST768,Female,24,Beauty,3,25,75
769,09-06-23,CUST769,Female,31,Electronics,4,30,120
770,22-10-23,CUST770,Male,32,Clothing,1,50,50
771,13-12-23,CUST771,Male,24,Electronics,2,25,50
772,12-07-23,CUST772,Male,26,Electronics,1,30,30
773,23-07-23,CUST773,Male,25,Electronics,4,500,2000
774,12-04-23,CUST774,Female,40,Clothing,2,25,50
775,08-02-23,CUST775,Female,46,Electronics,4,25,100
776,31-10-23,CUST776,Male,35,Clothing,3,30,90
777,20-12-23,CUST777,Male,48,Electronics,3,50,150
778,18-11-23,CUST778,Female,47,Beauty,4,25,100
779,05-05-23,CUST779,Female,56,Electronics,2,500,1000
780,22-02-23,CUST780,Male,52,Electronics,2,25,50
781,23-12-23,CUST781,Male,35,Beauty,1,500,500
782,04-06-23,CUST782,Male,59,Clothing,3,300,900
783,17-12-23,CUST783,Female,56,Clothing,1,300,300
784,04-11-23,CUST784,Female,34,Electronics,1,500,500
785,03-03-23,CUST785,Female,31,Beauty,4,50,200
786,17-10-23,CUST786,Male,48,Clothing,4,25,100
787,22-01-23,CUST787,Male,41,Electronics,1,25,25
788,27-06-23,CUST788,Female,52,Beauty,3,300,900
789,30-09-23,CUST789,Female,61,Clothing,4,500,2000
790,08-08-23,CUST790,Male,62,Clothing,1,25,25
791,05-12-23,CUST791,Female,51,Beauty,1,25,25
792,09-07-23,CUST792,Female,20,Beauty,1,50,50
793,05-02-23,CUST793,Male,54,Beauty,1,30,30
794,17-09-23,CUST794,Female,60,Beauty,1,300,300
795,28-11-23,CUST795,Male,57,Electronics,1,300,300
796,24-06-23,CUST796,Male,43,Beauty,4,30,120
797,07-01-23,CUST797,Male,40,Clothing,3,25,75
798,04-08-23,CUST798,Male,61,Clothing,1,50,50
799,08-09-23,CUST799,Male,56,Electronics,2,50,100
800,24-02-23,CUST800,Male,32,Clothing,4,300,1200
801,10-08-23,CUST801,Male,21,Clothing,4,50,200
802,05-07-23,CUST802,Female,46,Beauty,1,30,30
803,22-11-23,CUST803,Male,39,Clothing,4,25,100
804,24-08-23,CUST804,Male,42,Electronics,1,30,30
805,29-12-23,CUST805,Female,30,Beauty,3,500,1500
806,20-03-23,CUST806,Female,35,Beauty,3,300,900
807,11-08-23,CUST807,Female,50,Electronics,4,50,200
808,01-04-23,CUST808,Male,33,Beauty,4,500,2000
809,25-09-23,CUST809,Female,62,Beauty,2,50,100
810,30-11-23,CUST810,Male,59,Electronics,4,25,100
811,19-05-23,CUST811,Male,61,Beauty,2,25,50
812,12-11-23,CUST812,Male,19,Electronics,3,25,75
813,03-10-23,CUST813,Male,52,Electronics,3,50,150
814,05-09-23,CUST814,Female,59,Clothing,1,500,500
815,27-08-23,CUST815,Female,51,Clothing,3,25,75
816,12-08-23,CUST816,Male,47,Beauty,2,500,1000
817,31-10-23,CUST817,Male,30,Beauty,4,50,200
818,18-05-23,CUST818,Male,30,Electronics,1,500,500
819,15-06-23,CUST819,Female,35,Beauty,2,50,100
820,06-05-23,CUST820,Male,49,Electronics,4,50,200
821,14-02-23,CUST821,Male,49,Electronics,1,300,300
822,23-05-23,CUST822,Female,52,Beauty,3,50,150
823,19-08-23,CUST823,Female,56,Electronics,2,50,100
824,05-05-23,CUST824,Male,63,Clothing,4,30,120
825,26-08-23,CUST825,Female,46,Beauty,1,25,25
826,19-10-23,CUST826,Female,46,Clothing,1,300,300
827,09-11-23,CUST827,Male,61,Beauty,3,300,900
828,09-12-23,CUST828,Female,33,Electronics,4,300,1200
829,14-07-23,CUST829,Male,61,Beauty,3,30,90
830,22-06-23,CUST830,Female,64,Clothing,3,50,150
831,15-01-23,CUST831,Male,27,Electronics,4,25,100
832,11-09-23,CUST832,Male,47,Beauty,4,500,2000
833,16-06-23,CUST833,Male,42,Beauty,4,50,200
834,04-04-23,CUST834,Female,56,Beauty,2,30,60
835,07-09-23,CUST835,Male,37,Clothing,4,50,200
836,19-04-23,CUST836,Female,22,Clothing,1,50,50
837,01-07-23,CUST837,Male,18,Beauty,3,30,90
838,13-05-23,CUST838,Male,47,Electronics,2,300,600
839,24-06-23,CUST839,Female,20,Electronics,4,300,1200
840,24-05-23,CUST840,Male,62,Clothing,2,25,50
841,02-11-23,CUST841,Male,31,Electronics,4,25,100
842,26-12-23,CUST842,Female,47,Clothing,2,300,600
843,22-05-23,CUST843,Male,21,Beauty,3,500,1500
844,12-10-23,CUST844,Male,35,Clothing,3,50,150
845,06-01-23,CUST845,Male,54,Clothing,1,500,500
846,22-09-23,CUST846,Male,42,Beauty,1,50,50
847,08-04-23,CUST847,Female,18,Electronics,4,300,1200
848,13-02-23,CUST848,Female,63,Clothing,3,25,75
849,04-05-23,CUST849,Male,32,Clothing,2,25,50
850,28-07-23,CUST850,Female,26,Beauty,2,500,1000
851,08-09-23,CUST851,Male,32,Electronics,2,25,50
852,12-10-23,CUST852,Female,41,Clothing,1,300,300
853,04-05-23,CUST853,Male,21,Beauty,2,500,1000
854,20-12-23,CUST854,Male,29,Clothing,1,50,50
855,01-09-23,CUST855,Male,54,Beauty,1,25,25
856,27-11-23,CUST856,Male,54,Electronics,4,30,120
857,31-12-23,CUST857,Male,60,Electronics,2,25,50
858,09-09-23,CUST858,Male,23,Electronics,2,50,100
859,18-08-23,CUST859,Female,56,Electronics,3,500,1500
860,09-01-23,CUST860,Male,63,Clothing,4,50,200
861,17-02-23,CUST861,Female,41,Clothing,3,30,90
862,31-05-23,CUST862,Male,28,Electronics,4,300,1200
863,24-04-23,CUST863,Female,30,Electronics,2,25,50
864,27-07-23,CUST864,Female,51,Electronics,1,500,500
865,21-12-23,CUST865,Female,42,Clothing,1,300,300
866,05-05-23,CUST866,Male,24,Electronics,1,50,50
867,06-06-23,CUST867,Male,21,Electronics,1,500,500
868,06-12-23,CUST868,Female,25,Electronics,1,300,300
869,25-10-23,CUST869,Male,37,Beauty,3,500,1500
870,08-07-23,CUST870,Female,46,Electronics,4,30,120
871,31-08-23,CUST871,Male,62,Beauty,2,30,60
872,11-10-23,CUST872,Female,63,Beauty,3,25,75
873,29-09-23,CUST873,Female,27,Electronics,4,25,100
874,26-06-23,CUST874,Male,60,Beauty,1,30,30
875,06-08-23,CUST875,Female,51,Electronics,4,500,2000
876,09-10-23,CUST876,Male,43,Clothing,4,30,120
877,19-06-23,CUST877,Female,58,Clothing,1,25,25
878,30-06-23,CUST878,Female,20,Clothing,1,30,30
879,26-12-23,CUST879,Male,23,Clothing,1,30,30
880,21-08-23,CUST880,Male,22,Beauty,2,500,1000
881,19-05-23,CUST881,Male,22,Electronics,1,300,300
882,06-06-23,CUST882,Female,64,Electronics,2,25,50
883,09-05-23,CUST883,Male,40,Electronics,1,500,500
884,29-04-23,CUST884,Female,26,Clothing,2,30,60
885,03-03-23,CUST885,Female,52,Clothing,4,30,120
886,09-04-23,CUST886,Male,37,Electronics,3,300,900
887,11-06-23,CUST887,Male,59,Clothing,4,25,100
888,03-03-23,CUST888,Female,52,Electronics,4,25,100
889,02-10-23,CUST889,Female,35,Electronics,1,50,50
890,20-12-23,CUST890,Male,34,Electronics,2,25,50
891,05-04-23,CUST891,Male,41,Electronics,3,300,900
892,09-04-23,CUST892,Male,20,Electronics,1,50,50
893,21-04-23,CUST893,Male,49,Electronics,1,50,50
894,05-09-23,CUST894,Male,52,Electronics,1,30,30
895,22-05-23,CUST895,Female,55,Clothing,4,30,120
896,29-10-23,CUST896,Female,30,Electronics,2,25,50
897,26-09-23,CUST897,Female,64,Electronics,2,50,100
898,02-11-23,CUST898,Female,42,Clothing,3,30,90
899,25-05-23,CUST899,Male,26,Clothing,2,300,600
900,21-02-23,CUST900,Male,21,Clothing,2,30,60
901,10-04-23,CUST901,Male,31,Electronics,1,30,30
902,01-06-23,CUST902,Female,54,Beauty,1,50,50
903,27-04-23,CUST903,Female,51,Beauty,4,50,200
904,04-07-23,CUST904,Male,28,Clothing,1,500,500
905,02-04-23,CUST905,Male,58,Beauty,1,300,300
906,04-06-23,CUST906,Female,20,Clothing,1,50,50
907,08-01-23,CUST907,Female,45,Electronics,1,25,25
908,29-12-23,CUST908,Male,46,Beauty,4,300,1200
909,01-10-23,CUST909,Male,26,Electronics,1,300,300
910,06-03-23,CUST910,Female,20,Beauty,3,50,150
911,21-05-23,CUST911,Male,42,Electronics,3,300,900
912,24-01-23,CUST912,Male,51,Beauty,3,50,150
913,28-01-23,CUST913,Male,29,Electronics,3,30,90
914,11-10-23,CUST914,Female,59,Electronics,1,500,500
915,30-05-23,CUST915,Female,26,Beauty,3,30,90
916,24-12-23,CUST916,Female,32,Electronics,1,50,50
917,06-03-23,CUST917,Female,57,Electronics,4,50,200
918,23-11-23,CUST918,Female,42,Electronics,3,30,90
919,09-09-23,CUST919,Female,22,Beauty,2,25,50
920,22-02-23,CUST920,Female,28,Beauty,3,25,75
921,07-01-23,CUST921,Male,51,Electronics,3,25,75
922,21-10-23,CUST922,Male,41,Electronics,1,50,50
923,26-05-23,CUST923,Male,32,Beauty,3,300,900
924,29-08-23,CUST924,Male,55,Beauty,2,50,100
925,03-09-23,CUST925,Male,25,Electronics,1,300,300
926,14-08-23,CUST926,Male,22,Electronics,1,30,30
927,24-06-23,CUST927,Male,43,Electronics,4,500,2000
928,05-04-23,CUST928,Female,35,Clothing,4,300,1200
929,27-01-23,CUST929,Female,23,Beauty,3,25,75
930,10-05-23,CUST930,Male,54,Clothing,4,50,200
931,02-09-23,CUST931,Male,30,Beauty,4,30,120
932,28-02-23,CUST932,Female,45,Beauty,4,25,100
933,03-02-23,CUST933,Male,22,Beauty,1,30,30
934,25-07-23,CUST934,Male,30,Beauty,1,500,500
935,09-09-23,CUST935,Female,34,Beauty,1,50,50
936,07-02-23,CUST936,Male,57,Beauty,4,50,200
937,23-10-23,CUST937,Female,62,Beauty,1,500,500
938,19-11-23,CUST938,Male,49,Clothing,4,50,200
939,18-12-23,CUST939,Female,46,Electronics,1,300,300
940,28-01-23,CUST940,Female,20,Electronics,1,30,30
941,19-03-23,CUST941,Female,57,Clothing,2,25,50
942,18-03-23,CUST942,Male,51,Clothing,3,500,1500
943,16-10-23,CUST943,Female,57,Clothing,4,300,1200
944,05-06-23,CUST944,Male,44,Clothing,2,25,50
945,13-02-23,CUST945,Male,30,Beauty,1,25,25
946,08-05-23,CUST946,Male,62,Electronics,4,500,2000
947,02-03-23,CUST947,Male,50,Beauty,1,300,300
948,13-10-23,CUST948,Female,23,Electronics,3,25,75
949,02-08-23,CUST949,Female,41,Electronics,2,25,50
950,07-11-23,CUST950,Male,36,Clothing,3,300,900
951,02-11-23,CUST951,Male,33,Beauty,2,50,100
952,13-11-23,CUST952,Female,57,Clothing,1,25,25
953,26-04-23,CUST953,Male,45,Beauty,3,30,90
954,25-09-23,CUST954,Female,50,Electronics,3,300,900
955,14-07-23,CUST955,Male,58,Clothing,1,25,25
956,19-08-23,CUST956,Male,30,Clothing,3,500,1500
957,15-08-23,CUST957,Female,60,Electronics,4,30,120
958,02-06-23,CUST958,Male,62,Electronics,2,25,50
959,29-10-23,CUST959,Female,42,Electronics,2,30,60
960,08-08-23,CUST960,Male,59,Clothing,2,30,60
961,06-06-23,CUST961,Male,53,Beauty,4,50,200
962,19-10-23,CUST962,Male,44,Clothing,2,30,60
963,14-11-23,CUST963,Female,55,Beauty,1,50,50
964,31-01-23,CUST964,Male,24,Clothing,3,300,900
965,09-11-23,CUST965,Male,22,Clothing,4,50,200
966,20-02-23,CUST966,Male,60,Electronics,2,500,1000
967,17-04-23,CUST967,Male,62,Beauty,1,25,25
968,17-11-23,CUST968,Female,48,Clothing,3,300,900
969,19-04-23,CUST969,Female,40,Clothing,3,300,900
970,16-05-23,CUST970,Male,59,Electronics,4,500,2000
971,05-12-23,CUST971,Female,27,Electronics,4,50,200
972,11-02-23,CUST972,Male,49,Beauty,4,25,100
973,22-03-23,CUST973,Male,60,Clothing,1,50,50
974,03-05-23,CUST974,Male,47,Beauty,1,30,30
975,30-03-23,CUST975,Female,56,Clothing,4,50,200
976,10-10-23,CUST976,Female,48,Beauty,2,300,600
977,08-02-23,CUST977,Female,35,Electronics,3,25,75
978,22-03-23,CUST978,Female,53,Clothing,3,50,150
979,02-01-23,CUST979,Female,19,Beauty,1,25,25
980,29-07-23,CUST980,Female,31,Electronics,3,25,75
981,19-08-23,CUST981,Female,30,Electronics,2,30,60
982,19-12-23,CUST982,Female,46,Beauty,3,30,90
983,01-11-23,CUST983,Female,29,Clothing,1,300,300
984,29-08-23,CUST984,Male,56,Clothing,1,500,500
985,30-05-23,CUST985,Female,19,Electronics,2,25,50
986,17-01-23,CUST986,Female,49,Clothing,2,500,1000
987,29-04-23,CUST987,Female,30,Clothing,3,300,900
988,28-05-23,CUST988,Female,63,Clothing,3,25,75
989,28-12-23,CUST989,Female,44,Electronics,1,25,25
990,25-05-23,CUST990,Female,58,Beauty,2,500,1000
991,26-12-23,CUST991,Female,34,Clothing,2,50,100
992,21-08-23,CUST992,Female,57,Electronics,2,30,60
993,06-02-23,CUST993,Female,48,Electronics,3,50,150
994,18-12-23,CUST994,Female,51,Beauty,2,500,1000
995,30-04-23,CUST995,Female,41,Clothing,1,30,30
996,16-05-23,CUST996,Male,62,Clothing,1,50,50
997,17-11-23,CUST997,Male,52,Beauty,3,30,90
998,29-10-23,CUST998,Female,23,Beauty,4,25,100
999,05-12-23,CUST999,Female,36,Electronics,3,50,150
1000,12-04-23,CUST1000,Male,47,Electronics,4,30,120
